file_path,metadata
access-climate-finance-low-middle-income-countries.pdf,"{""Manuscript Number"": ""WRI-D-23-00145"", ""Article Type"": ""Working Paper"", ""Sub-tag (clean1)"": ""Transport decarbonization"", ""WRI Office affiliation (primary)"": ""WRI Global "", ""DOI (from RDI mastersheet)"": ""https://doi.org/10.46830/wriwp.23.00145"", ""Article Title"": ""Access to Climate Finance in Low- and Middle-Income Countries: 14 Case Studies for the Transport Sector"", ""All authors"": ""Valerie Laxton, Ph.D; Molly Caldwell; Sebastian Castellanos; Benjamin Welle"", ""Date accepted"": ""10/8/24"", ""Date submitted "": ""10/10/23"", ""Funder (cleaned)"": ""UK government"", ""Funder (raw)"": ""UN FCDO/High Volume Transport"", ""Strategy pillar"": ""CM"", ""Work stream "": ""UM"", ""Sub-tag"": ""Transport decarbonization"", ""YEAR Submitted"": 2023, ""YEAR accepted"": 2024, ""WRI lead author - FIRST name"": ""Yiqian"", ""WRI lead author - LAST name"": ""Zhang"", ""Source URL"": ""https://files.wri.org/d8/s3fs-public/2025-02/access-climate-finance-low-middle-income-countries.pdf?VersionId=BzzrTqBGKfjFkDh4ipLXkuxeR8PCFhHd""}"
action-plans-policy-recommendations-vehicle-grid-integration-china.pdf,"{""Manuscript Number"": ""WRI-D-19-00101"", ""Article Type"": ""Report"", ""Sub-tag (clean1)"": ""Transport decarbonization"", ""WRI Office affiliation (primary)"": ""WRI China"", ""Other weblink (not DOI)"": ""https://www.wri.org/research/quantifying-grid-impacts-large-adoption-electric-vehicles-china"", ""Article Title"": ""Enabling vehicle grid integration in China"", ""All authors"": ""Lulu Xue"", ""Date accepted"": ""4/22/20"", ""Date submitted "": ""8/7/19"", ""Funder (cleaned)"": ""UPS"", ""Funder (raw)"": ""UPS"", ""Strategy pillar"": ""CM"", ""Work stream "": ""UM"", ""Sub-tag"": ""Transport decarbonization"", ""YEAR Submitted"": 2019, ""YEAR accepted"": 2020, ""WRI lead author - FIRST name"": ""Lulu"", ""WRI lead author - LAST name"": ""Xue"", ""Source URL"": ""https://files.wri.org/d8/s3fs-public/2022-01/action-plans-policy-recommendations-vehicle-grid-integration-china_0.pdf?VersionId=N_9qVIMgzvUb132BB_px9MhP7pikbk12""}"
barriers-to-adopting-electric-buses-executive-summary.pdf,"{""Manuscript Number"": ""WRI-D-18-00122"", ""Article Type"": ""Report"", ""Sub-tag (clean1)"": ""Transport decarbonization"", ""WRI Office affiliation (primary)"": ""WRI Global "", ""Other weblink (not DOI)"": ""https://www.wri.org/research/barriers-adopting-electric-buses"", ""Article Title"": ""Barriers to Adopting Electric Buses Report"", ""All authors"": ""Ryan Sclar; Xiangyi Li; Camron Gorguinpour; Sebastian Castellanos"", ""Date accepted"": ""5/3/19"", ""Date submitted "": ""10/15/18"", ""Funder (cleaned)"": ""German government"", ""Funder (raw)"": ""BMZ"", ""Strategy pillar"": ""CM"", ""Work stream "": ""UM"", ""Sub-tag"": ""Transport decarbonization"", ""YEAR Submitted"": 2018, ""YEAR accepted"": 2019, ""WRI lead author - FIRST name"": ""Ryan"", ""WRI lead author - LAST name"": ""Sclar"", ""Source URL"": ""https://files.wri.org/d8/s3fs-public/barriers-to-adopting-electric-buses-executive-summary.pdf""}"
changing-demand-electric-vehicles-ho-chi-minh-city.pdf,"{""Manuscript Number"": ""WRI-D-22-00003"", ""Article Type"": ""Working Paper"", ""Sub-tag (clean1)"": ""Transport decarbonization"", ""WRI Office affiliation (primary)"": ""WRI Global "", ""DOI (from RDI mastersheet)"": "" https://doi.org/10.46830/wriwp.22.00003"", ""Article Title"": ""Changing the Demand Preference for Electric Vehicles in Ho Chi Minh City: Benefits and Costs from Incentives at Early Stages of Adoption"", ""All authors"": ""Rajat Shrestha; Giuseppe Tesoriere; Vishant Kothari; Hamilton Steimer"", ""Date accepted"": ""11/9/22"", ""Date submitted "": ""1/5/22"", ""Funder (cleaned)"": ""German government"", ""Funder (raw)"": ""BMU/GIZ"", ""Strategy pillar"": ""CM"", ""Work stream "": ""UM"", ""Sub-tag"": ""Transport decarbonization"", ""YEAR Submitted"": 2022, ""YEAR accepted"": 2022, ""WRI lead author - FIRST name"": ""Rajat"", ""WRI lead author - LAST name"": ""Shrestha"", ""Source URL"": ""https://files.wri.org/d8/s3fs-public/2023-02/changing-demand-electric-vehicles-ho-chi-minh-city.pdf?VersionId=2DUl6RwHbULBUNonMN2nyUaVlzsooxzl""}"
costs-emissions-appraisal-tool-transit-buses.pdf,"{""Manuscript Number"": ""WRI-D-18-00001"", ""Article Type"": ""Technical Note"", ""Sub-tag (clean1)"": ""Transport decarbonization"", ""WRI Office affiliation (primary)"": ""WRI Global "", ""Other weblink (not DOI)"": ""https://www.wri.org/research/costs-and-emissions-appraisal-tool-transit-buses"", ""Article Title"": ""Costs and Emissions Appraisal for Transit Buses"", ""All authors"": ""Erin Cooper; Xiangyi Li; Thet Hein Tun"", ""Date accepted"": ""2/6/19"", ""Date submitted "": ""3/29/18"", ""Funder (cleaned)"": ""FedEx"", ""Funder (raw)"": ""FedEx"", ""Strategy pillar"": ""CM"", ""Work stream "": ""UM"", ""Sub-tag"": ""Transport decarbonization"", ""YEAR Submitted"": 2018, ""YEAR accepted"": 2019, ""WRI lead author - FIRST name"": ""Thet"", ""WRI lead author - LAST name"": ""Hein"", ""Source URL"": ""https://files.wri.org/d8/s3fs-public/costs-emissions-appraisal-tool-transit-buses.pdf""}"
dataset-esb-adoption-tech-note-july-2025.pdf,"{""Manuscript Number"": ""WRI-D-21-00134"", ""Article Type"": ""Technical Note"", ""Sub-tag (clean1)"": ""Electric mobility"", ""WRI Office affiliation (primary)"": ""WRI US"", ""DOI (from RDI mastersheet)"": ""https://doi.org/10.46830/writn.21.00134"", ""Article Title"": ""Technical Note: A Dataset of Electric School Bus Adoption in the United States"", ""All authors"": ""Leah Lazer; Lydia Freehafer"", ""Date accepted"": ""1/4/22"", ""Date submitted "": ""9/22/21"", ""Funder (cleaned)"": ""Bezos Earth Fund"", ""Funder (raw)"": ""Bezos Earth Fund"", ""Strategy pillar"": ""CM"", ""Work stream "": ""UM"", ""Sub-tag"": ""ESBI"", ""YEAR Submitted"": 2021, ""YEAR accepted"": 2022, ""WRI lead author - FIRST name"": ""Leah"", ""WRI lead author - LAST name"": ""Lazer"", ""Source URL"": ""https://files.wri.org/d8/s3fs-public/2025-07/dataset-esb-adoption-tech-note-july-2025.pdf?VersionId=s9LFL_tKdyBg6pT.opmRDmaiD9QHByoy""}"
dataset-us-school-bus-depots-technical-note.pdf,"{""Manuscript Number"": ""WRI-D-22-00019"", ""Article Type"": ""Technical Note"", ""Sub-tag (clean1)"": ""Electric mobility"", ""WRI Office affiliation (primary)"": ""WRI US"", ""DOI (from RDI mastersheet)"": ""https://doi.org/10.46830/writn.22.00019"", ""Article Title"": ""Technical Note: Dataset of U.S. School Bus Depots"", ""All authors"": ""Leah Lazer; Naveen Raman"", ""Date accepted"": ""9/20/23"", ""Date submitted "": ""2/1/22"", ""Funder (cleaned)"": ""Bezos Earth Fund"", ""Funder (raw)"": ""Bezos Earth Fund"", ""Strategy pillar"": ""CM"", ""Work stream "": ""UM"", ""Sub-tag"": ""ESBI"", ""YEAR Submitted"": 2022, ""YEAR accepted"": 2023, ""WRI lead author - FIRST name"": ""Leah"", ""WRI lead author - LAST name"": ""Lazer"", ""Source URL"": ""https://files.wri.org/d8/s3fs-public/2024-01/dataset-us-school-bus-depots-technical-note.pdf?VersionId=G.EOXUFPu13c_8_cmW75lLxAuAmU2bIy""}"
decarbonizing-china-road-transport-sector.pdf,"{""Manuscript Number"": ""WRI-D-21-00145"", ""Article Type"": ""Report"", ""Sub-tag (clean1)"": ""Transport decarbonization"", ""WRI Office affiliation (primary)"": ""WRI China"", ""DOI (from RDI mastersheet)"": ""https://doi.org/10.46830/wrirpt.21.00145"", ""Article Title"": ""Decarbonizing China's road transport sector: pathways towards carbon neutrality"", ""All authors"": ""Lulu Xue"", ""Date accepted"": ""3/31/22"", ""Date submitted "": ""10/27/21"", ""Funder (cleaned)"": ""German government"", ""Funder (raw)"": ""BMU-IKI"", ""Strategy pillar"": ""CM"", ""Work stream "": ""UM"", ""Sub-tag"": ""Transport decarbonization"", ""YEAR Submitted"": 2021, ""YEAR accepted"": 2022, ""WRI lead author - FIRST name"": ""Lulu"", ""WRI lead author - LAST name"": ""Xue"", ""Source URL"": ""https://files.wri.org/d8/s3fs-public/2022-05/decarbonizing-china-road-transport-sector.pdf?VersionId=n92NYycEWUXubH7VSYTwpSeiJ2k8D1UB""}"
developing-electric-mobility-roadmap-subnational-case-studies-vietnamese-cities.pdf,"{""Manuscript Number"": ""WRI-D-21-00009"", ""Article Type"": ""Working Paper"", ""Sub-tag (clean1)"": ""Transport decarbonization"", ""WRI Office affiliation (primary)"": ""WRI Global "", ""DOI (from RDI mastersheet)"": ""https://doi.org/10.46830/wriwp.21.00009"", ""Article Title"": ""Developing an electric mobility roadmap: international experiences from subnational case studies for Vietnamese cities"", ""All authors"": ""Kangjie Liu; Stephanie Ly; Eleanor Jackson; Hamilton Steimer; Sarah Cassius; Xiangyi Li; Erika Myers; Lorenzo Hernandez Duarte; Lydia Freehafer"", ""Date accepted"": ""5/25/22"", ""Date submitted "": ""1/22/21"", ""Funder (cleaned)"": ""German government"", ""Funder (raw)"": ""BMU/GIZ"", ""Strategy pillar"": ""CM"", ""Work stream "": ""UM"", ""Sub-tag"": ""Transport decarbonization"", ""YEAR Submitted"": 2021, ""YEAR accepted"": 2022, ""WRI lead author - FIRST name"": ""Kangjie"", ""WRI lead author - LAST name"": ""Liu"", ""Source URL"": ""https://files.wri.org/d8/s3fs-public/2022-08/developing-electric-mobility-roadmap-subnational-case-studies-vietnamese-cities.pdf?VersionId=U2XPE7PXtXLWhOl9d7USTPdv0By.naDW""}"
developing-electric-mobility-roadmap-vietnam.pdf,"{""Manuscript Number"": ""WRI-D-21-00172"", ""Article Type"": ""Working Paper"", ""Sub-tag (clean1)"": ""Transport decarbonization"", ""WRI Office affiliation (primary)"": ""WRI Global "", ""DOI (from RDI mastersheet)"": ""https://doi.org/10.46830/wriwp.21.00172"", ""Article Title"": ""Developing an electric mobility roadmap for Vietnam:¬†global experiences from national case studies"", ""All authors"": ""Kangjie Liu; Stephanie Ly; Hamilton Steimer; Eleanor Jackson; Sarah Cassius; Xiangyi Li"", ""Date accepted"": ""2/16/23"", ""Date submitted "": ""12/30/21"", ""Funder (cleaned)"": ""German government"", ""Funder (raw)"": ""International Climate Initiative (IKI)√¢‚Ç¨¬Ø of the Federal Ministry for Economic Affairs and Climate Action of Germany (BMWK)"", ""Strategy pillar"": ""CM"", ""Work stream "": ""UM"", ""Sub-tag"": ""Transport decarbonization"", ""YEAR Submitted"": 2021, ""YEAR accepted"": 2023, ""WRI lead author - FIRST name"": ""Kangjie"", ""WRI lead author - LAST name"": ""Liu"", ""Source URL"": ""https://files.wri.org/d8/s3fs-public/2023-05/developing-electric-mobility-roadmap-vietnam.pdf?VersionId=JRV9mdHmQTdw0qIeux7TJt4JUP5zp1.H""}"
E-auto-guidebook_WRI-India.pdf,"{""Manuscript Number"": ""WRI-D-22-00087"", ""Article Type"": ""Guidebook"", ""Sub-tag (clean1)"": ""Transport decarbonization"", ""WRI Office affiliation (primary)"": ""WRI India"", ""DOI (from RDI mastersheet)"": ""https://doi.org/10.46830/wrigb.22.00087"", ""Article Title"": ""Enabling the Shift to Electric Autorickshaws: A Guidebook for Electrification of Autorickshaw Fleets in Indian Cities"", ""All authors"": ""Chaitanya Kanuri; Kanika Gounder"", ""Date accepted"": ""9/25/23"", ""Date submitted "": ""7/12/22"", ""Funder (cleaned)"": ""Hewlett Foundation"", ""Funder (raw)"": ""Hewlett Foundation"", ""Strategy pillar"": ""CM"", ""Work stream "": ""UM"", ""Sub-tag"": ""Transport decarbonization"", ""YEAR Submitted"": 2022, ""YEAR accepted"": 2023, ""WRI lead author - FIRST name"": ""Chaitanya"", ""WRI lead author - LAST name"": ""Kanuri"", ""Source URL"": ""https://wri-india.org/sites/default/files/E-auto-guidebook_WRI-India.pdf""}"
e-Bus_Guidebook_22nd%20March.pdf,"{""Manuscript Number"": ""WRI-D-21-00113"", ""Article Type"": ""Guidebook"", ""Sub-tag (clean1)"": ""Electric mobility"", ""WRI Office affiliation (primary)"": ""WRI India"", ""DOI (from RDI mastersheet)"": ""https://doi.org/10.46830/wrigb.21.00113"", ""Article Title"": ""Guidebook On Route Prioritization And Implementation Planning For Electric Bus Fleet Rollout"", ""All authors"": ""Shyamasis Das, MSc.; Anirudh Ray; Pawan Mulukutla; Madhav Pai"", ""Date accepted"": ""11/15/21"", ""Date submitted "": ""8/11/21"", ""Funder (cleaned)"": ""Hewlett Foundation"", ""Funder (raw)"": ""Hewlett Foundation"", ""Strategy pillar"": ""CM"", ""Work stream "": ""UM"", ""Sub-tag"": ""E-bus"", ""YEAR Submitted"": 2021, ""YEAR accepted"": 2021, ""WRI lead author - FIRST name"": ""Shyamasis"", ""WRI lead author - LAST name"": ""Das"", ""Source URL"": ""https://wri-india.org/sites/default/files/e-Bus_Guidebook_22nd%20March.pdf""}"
electric-school-bus-us-market-study.pdf,"{""Manuscript Number"": ""WRI-D-24-00037"", ""Article Type"": ""Issue Brief"", ""Sub-tag (clean1)"": ""Electric mobility"", ""WRI Office affiliation (primary)"": ""WRI US"", ""DOI (from RDI mastersheet)"": ""https://doi.org/10.46830/wriib.21.00135.v3"", ""Article Title"": ""Electric school bus U.S. market study: A resource for school bus operators pursuing fleet electrification"", ""All authors"": ""Jessica Wang; Emmett Werthmann; Eleanor Jackson; Vishant Kothari; Lidia Henderson"", ""Date accepted"": ""6/27/24"", ""Date submitted "": ""4/10/24"", ""Funder (cleaned)"": ""Bezos Earth Fund"", ""Funder (raw)"": ""Bezos Earth Fund"", ""Strategy pillar"": ""CM"", ""Work stream "": ""UM"", ""Sub-tag"": ""ESBI"", ""YEAR Submitted"": 2024, ""YEAR accepted"": 2024, ""WRI lead author - FIRST name"": ""Jessica"", ""WRI lead author - LAST name"": ""Wang"", ""Source URL"": ""https://files.wri.org/d8/s3fs-public/2024-08/electric-school-bus-us-market-study.pdf?VersionId=duRTJFb5G7D7zZnLUfEu_zet5yueS04t""}"
electrifying-ride-hailing-vehicles-unites-states-europe-canada.pdf,"{""Manuscript Number"": ""WRI-D-21-00053"", ""Article Type"": ""Working Paper"", ""Sub-tag (clean1)"": ""Transport decarbonization"", ""WRI Office affiliation (primary)"": ""WRI US"", ""DOI (from RDI mastersheet)"": ""https://doi.org/10.46830/wriwp.21.00053"", ""Article Title"": ""Electrifying Ridehailing in the United States, Europe and Canada: How to Enable Ridehailing Drivers to Switch to Electric Vehicles"", ""All authors"": ""Leah Lazer; Ryan Sclar; Sadanand Wachche"", ""Date accepted"": ""10/1/21"", ""Date submitted "": ""4/12/21"", ""Funder (cleaned)"": ""Uber"", ""Funder (raw)"": ""Uber"", ""Strategy pillar"": ""CM"", ""Work stream "": ""UM"", ""Sub-tag"": ""Transport decarbonization"", ""YEAR Submitted"": 2021, ""YEAR accepted"": 2021, ""WRI lead author - FIRST name"": ""Leah"", ""WRI lead author - LAST name"": ""Lazer"", ""Source URL"": ""https://files.wri.org/d8/s3fs-public/2021-11/electrifying-ride-hailing-vehicles-unites-states-europe-canada.pdf?VersionId=e6PhTmmNWbavTauieNfz4chQG74UsJw0""}"
electrifying-us-school-bus-fleets-equitably.pdf,"{""Manuscript Number"": ""WRI-D-22-00124"", ""Article Type"": ""Report"", ""Sub-tag (clean1)"": ""Transport decarbonization"", ""WRI Office affiliation (primary)"": ""WRI US"", ""DOI (from RDI mastersheet)"": ""https://doi.org/10.46830/wrirpt.22.00124"", ""Article Title"": ""Electrifying U.S. School Bus Fleets Equitably to Reduce Air Pollution Exposure in Underserved Communities"", ""All authors"": ""Leah Lazer; Jesse Worker; Lydia Freehafer; Charles Brown; Brian Zepka; Alejandra Achury; Rajat Shrestha; Vineesh Kodakkandathil"", ""Date accepted"": ""6/3/24"", ""Date submitted "": ""10/18/22"", ""Funder (cleaned)"": ""Bezos Earth Fund"", ""Funder (raw)"": ""Bezos Earth Fund (Electric School Bus Initiative)"", ""Strategy pillar"": ""CM"", ""Work stream "": ""UM"", ""Sub-tag"": ""Transport decarbonization"", ""YEAR Submitted"": 2022, ""YEAR accepted"": 2024, ""WRI lead author - FIRST name"": ""Brian"", ""WRI lead author - LAST name"": ""Zepka"", ""Source URL"": ""https://files.wri.org/d8/s3fs-public/2024-08/electrifying-us-school-bus-fleets-equitably.pdf?VersionId=yOsXYP91ferM3_Hnxrq2YdAs8ZM5Ksgc""}"
financial-analysis-charging-station-wri-india.pdf,"{""Manuscript Number"": ""WRI-D-22-00085"", ""Article Type"": ""Technical Note"", ""Sub-tag (clean1)"": ""Electric mobility"", ""WRI Office affiliation (primary)"": ""WRI India"", ""DOI (from RDI mastersheet)"": "" https://doi.org/10.46830/writn.22.00085"", ""Article Title"": ""Financial Analysis of Charging station (FACt) - A Tool For Easy Financial Evaluation Of Deploying Public Charging Infrastructure In India"", ""All authors"": ""Shyamasis Das, MSc.; Priya Bansal; Pawan Mulukutla"", ""Date accepted"": ""12/2/22"", ""Date submitted "": ""7/11/22"", ""Funder (cleaned)"": ""German government"", ""Funder (raw)"": ""GIZ under NDC - TIA program"", ""Strategy pillar"": ""CM"", ""Work stream "": ""UM"", ""Sub-tag"": ""E-bus"", ""YEAR Submitted"": 2022, ""YEAR accepted"": 2022, ""WRI lead author - FIRST name"": ""Shyamasis"", ""WRI lead author - LAST name"": ""Das"", ""Source URL"": ""https://files.wri.org/d8/s3fs-public/2023-04/financial-analysis-charging-station-wri-india.pdf?VersionId=dTwFC6yYQVwFiin6b1SGgg5UpLVZq3iN""}"
financing-electric-hybrid-electric-buses_0.pdf,"{""Manuscript Number"": ""WRI-D-18-00062"", ""Article Type"": ""Working Paper"", ""Sub-tag (clean1)"": ""Transport decarbonization"", ""WRI Office affiliation (primary)"": ""WRI Global "", ""Other weblink (not DOI)"": ""https://www.wri.org/research/financing-electric-and-hybrid-electric-buses"", ""Article Title"": ""Electric and Hybrid Electric Buses in Public Fleets: Ten Questions for City Decision-Makers"", ""All authors"": ""Anne Maassen; Christopher Moon-Miklaucic; Xiangyi Li; Sebastian Castellanos"", ""Date accepted"": ""8/22/19"", ""Date submitted "": ""6/1/18"", ""Funder (cleaned)"": ""Co-funded"", ""Funder (raw)"": ""Citi Foundation IDB-GEF"", ""Strategy pillar"": ""CM"", ""Work stream "": ""UM"", ""Sub-tag"": ""Transport decarbonization"", ""YEAR Submitted"": 2018, ""YEAR accepted"": 2019, ""WRI lead author - FIRST name"": ""Christopher"", ""WRI lead author - LAST name"": ""Moon-Miklaucic"", ""Source URL"": ""https://files.wri.org/d8/s3fs-public/financing-electric-hybrid-electric-buses_0.pdf""}"
Future-Mobility-Calculator_An-electric-mobility-infrastructure-assessment-tool-technical-note.pdf,"{""Manuscript Number"": ""WRI-D-19-00026"", ""Article Type"": ""Technical Note"", ""Sub-tag (clean1)"": ""Electric mobility"", ""WRI Office affiliation (primary)"": ""WRI Global "", ""Other weblink (not DOI)"": ""https://urbantransitions.global/en/publication/future-mobility-calculator-an-electric-mobility-infrastructure-tool/"", ""Article Title"": ""Future Mobility Calculator: An electric mobility infrastructure assessment tool"", ""All authors"": ""Jone Orbea"", ""Date accepted"": ""3/11/21"", ""Date submitted "": ""3/12/19"", ""Funder (cleaned)"": ""Coalition for Urban Transition"", ""Funder (raw)"": ""Coalition for Urban Transition"", ""Strategy pillar"": ""CM"", ""Work stream "": ""UM"", ""Sub-tag"": ""ebus"", ""YEAR Submitted"": 2019, ""YEAR accepted"": 2021, ""WRI lead author - FIRST name"": ""Vishant"", ""WRI lead author - LAST name"": ""Kothari"", ""Source URL"": ""https://urbantransitions.global/wp-content/uploads/2021/03/Future-Mobility-Calculator_An-electric-mobility-infrastructure-assessment-tool-technical-note.pdf""}"
how-to-enable-electric-bus-adoption-cities-worldwide-executive-summary.pdf,"{""Manuscript Number"": ""WRI-D-18-00123"", ""Article Type"": ""Report"", ""Sub-tag (clean1)"": ""Transport decarbonization"", ""WRI Office affiliation (primary)"": ""WRI Global "", ""DOI (from RDI mastersheet)"": ""https://doi.org/10.46830/wrirpt.18.00123"", ""Article Title"": ""Enablers for electric bus adoption in cities worldwide - a guidebook for transit agencies and bus operating entities"", ""All authors"": ""Xiangyi Li; Camron Gorguinpour; Ryan Sclar; Sebastian Castellanos"", ""Date accepted"": ""4/26/19"", ""Date submitted "": ""10/22/18"", ""Funder (cleaned)"": ""German government"", ""Funder (raw)"": ""BMZ"", ""Strategy pillar"": ""CM"", ""Work stream "": ""UM"", ""Sub-tag"": ""Transport decarbonization"", ""YEAR Submitted"": 2018, ""YEAR accepted"": 2019, ""WRI lead author - FIRST name"": ""Xiangyi"", ""WRI lead author - LAST name"": ""Li"", ""Source URL"": ""https://files.wri.org/d8/s3fs-public/how-to-enable-electric-bus-adoption-cities-worldwide-executive-summary.pdf""}"
improving-school-infrastructure-healthier-communities.pdf,"{""Manuscript Number"": ""WRI-D-24-00141"", ""Article Type"": ""Expert Note"", ""Sub-tag (clean1)"": ""Electric mobility"", ""WRI Office affiliation (primary)"": ""WRI US"", ""DOI (from RDI mastersheet)"": ""https://doi.org/10.46830/wrien.24.00141"", ""Article Title"": ""Improving school infrastructure for healthier students and communities"", ""All authors"": ""Katherine Roboff; Sue Gander"", ""Date accepted"": ""2/18/25"", ""Date submitted "": ""12/9/24"", ""Funder (cleaned)"": ""Bezos Earth Fund"", ""Funder (raw)"": ""Bezos Earth Fund"", ""Strategy pillar"": ""CM"", ""Work stream "": ""UM"", ""Sub-tag"": ""ESBI"", ""YEAR Submitted"": 2024, ""YEAR accepted"": 2025, ""WRI lead author - FIRST name"": ""Katherine"", ""WRI lead author - LAST name"": ""Roboff"", ""Source URL"": ""https://files.wri.org/d8/s3fs-public/2025-03/improving-school-infrastructure-healthier-communities.pdf?VersionId=bs5CICF.GFd0Rn7VL317IcJMaDhUsayv""}"
needs-assessment-equitable-school-bus-electrification-united-states-school-districts-2023.pdf,"{""Manuscript Number"": ""WRI-D-23-00081"", ""Article Type"": ""Working Paper"", ""Sub-tag (clean1)"": ""Electric mobility"", ""WRI Office affiliation (primary)"": ""WRI US"", ""DOI (from RDI mastersheet)"": ""https://doi.org/10.46830/wriwp.22.00153"", ""Article Title"": ""Needs Assessment for Equitable School Bus Electrification in U.S. School Districts"", ""All authors"": ""Eleanor Jackson; Charles T. Brown"", ""Date accepted"": ""11/18/24"", ""Date submitted "": ""5/26/23"", ""Funder (cleaned)"": ""Bezos Earth Fund"", ""Funder (raw)"": ""Bezos Earth Fund"", ""Strategy pillar"": ""CM"", ""Work stream "": ""UM"", ""Sub-tag"": ""ESBI"", ""YEAR Submitted"": 2023, ""YEAR accepted"": 2024, ""WRI lead author - FIRST name"": ""Eleanor"", ""WRI lead author - LAST name"": ""Jackson"", ""Source URL"": ""https://files.wri.org/d8/s3fs-public/2025-03/needs-assessment-equitable-school-bus-electrification-united-states-school-districts-2023.pdf?VersionId=R47a.PsWI8cpH.gYsMRnuzgBpzgipOJC""}"
new-energy-freight-vehicles-final.pdf,"{""Manuscript Number"": ""WRI-D-20-00083"", ""Article Type"": ""Working Paper"", ""Sub-tag (clean1)"": ""Transport decarbonization"", ""WRI Office affiliation (primary)"": ""WRI China"", ""Other weblink (not DOI)"": ""https://wri.org.cn/en/research/zero-emission-logistic-vehicles-promotion-challenges-and-experiences-beijing-case-study"", ""Article Title"": ""Zero Emission Freight Promotion Challenges and Experiences: Beijing Case Study"", ""All authors"": ""Shiyong Qiu; Lulu Xue; Jing Cai; Liying Song"", ""Date accepted"": ""4/19/21"", ""Date submitted "": ""7/14/20"", ""Funder (cleaned)"": ""Co-funded"", ""Funder (raw)"": ""Ross and OAK"", ""Strategy pillar"": ""CM"", ""Work stream "": ""UM"", ""Sub-tag"": ""Transport decarbonization"", ""YEAR Submitted"": 2020, ""YEAR accepted"": 2021, ""WRI lead author - FIRST name"": ""Shiyong"", ""WRI lead author - LAST name"": ""Qiu"", ""Source URL"": ""https://wri.org.cn/sites/default/files/2021-08/new-energy-freight-vehicles-final.pdf""}"
Open%20E-bus%20blueprint_working%20paper_web.pdf,"{""Manuscript Number"": ""WRI-D-24-00042"", ""Article Type"": ""Working Paper"", ""Sub-tag (clean1)"": ""Electric mobility"", ""WRI Office affiliation (primary)"": ""WRI India"", ""DOI (from RDI mastersheet)"": ""https://doi.org/10.46830/wriwp.24.00042"", ""Article Title"": ""Open E-Bus Blueprint"", ""All authors"": ""Rajit Bhat; Anirban Sinha; Prashanth Bachu; Sujith Nair; Ravi Prakash; Pramod Varma; Avinash Dubedi; Pawan Mulukutla; Madhav Pai"", ""Date accepted"": ""10/10/24"", ""Date submitted "": ""4/23/24"", ""Funder (cleaned)"": ""Unfunded or not specified"", ""Funder (raw)"": ""No Donor"", ""Strategy pillar"": ""CM"", ""Work stream "": ""UM"", ""Sub-tag"": ""E-bus"", ""YEAR Submitted"": 2024, ""YEAR accepted"": 2024, ""WRI lead author - FIRST name"": ""Rajit"", ""WRI lead author - LAST name"": ""Bhat"", ""Source URL"": ""https://wri-india.org/sites/default/files/Open%20E-bus%20blueprint_working%20paper_web.pdf""}"
pole-mounted-electric-vehicle-charging-preliminary-guidance.pdf,"{""Manuscript Number"": ""WRI-D-21-00023"", ""Article Type"": ""Working Paper"", ""Sub-tag (clean1)"": ""Transport decarbonization"", ""WRI Office affiliation (primary)"": ""WRI US"", ""DOI (from RDI mastersheet)"": ""https://doi.org/10.46830/wriwp.21.00023"", ""Article Title"": ""Pole-Mounted Electric Vehicle Charging: Preliminary guidance to a low-cost and more accessible public charging solution for U.S. cities"", ""All authors"": ""Emmett Werthmann; Vishant Kothari"", ""Date accepted"": ""10/4/21"", ""Date submitted "": ""2/10/21"", ""Funder (cleaned)"": ""UPS"", ""Funder (raw)"": ""UPS Foundation"", ""Strategy pillar"": ""CM"", ""Work stream "": ""UM"", ""Sub-tag"": ""Transport decarbonization"", ""YEAR Submitted"": 2021, ""YEAR accepted"": 2021, ""WRI lead author - FIRST name"": ""Emmett"", ""WRI lead author - LAST name"": ""Werthmann"", ""Source URL"": ""https://files.wri.org/d8/s3fs-public/2021-11/pole-mounted-electric-vehicle-charging-preliminary-guidance.pdf?VersionId=xNjP5je_Ohc5WnFVVCbxWGmmk_vMIqpu""}"
quantifying-grid-impacts-large-adoption-electric-vehicles-china.pdf,"{""Manuscript Number"": ""WRI-D-19-00061"", ""Article Type"": ""Report"", ""Sub-tag (clean1)"": ""Transport decarbonization"", ""WRI Office affiliation (primary)"": ""WRI China"", ""Other weblink (not DOI)"": ""https://www.wri.org/research/quantifying-grid-impacts-large-adoption-electric-vehicles-china"", ""Article Title"": ""Modeling the grid impacts of large electric-vehicle adoption: the cases in China"", ""All authors"": ""Lulu Xue"", ""Date accepted"": ""1/13/20"", ""Date submitted "": ""5/31/19"", ""Funder (cleaned)"": ""Co-funded"", ""Funder (raw)"": ""Ross, UPS"", ""Strategy pillar"": ""CM"", ""Work stream "": ""UM"", ""Sub-tag"": ""Transport decarbonization"", ""YEAR Submitted"": 2019, ""YEAR accepted"": 2020, ""WRI lead author - FIRST name"": ""Lulu"", ""WRI lead author - LAST name"": ""Xue"", ""Source URL"": ""https://files.wri.org/d8/s3fs-public/2022-02/quantifying-grid-impacts-large-adoption-electric-vehicles-china.pdf?VersionId=uTaNtsYBiAjWu7Ri2M887scAS9E66Vl.""}"
Real-world%20Electric%20Bus%20Operation_Working%20Paper%20final%20_revised.pdf,"{""Manuscript Number"": ""WRI-D-22-00097"", ""Article Type"": ""Working Paper"", ""Sub-tag (clean1)"": ""Electric mobility"", ""WRI Office affiliation (primary)"": ""WRI India"", ""DOI (from RDI mastersheet)"": ""https://doi.org/10.46830/wriwp.22.00097"", ""Article Title"": ""Battery-Life in E-buses Under Different External Conditions"", ""All authors"": ""Parveen Kumar, PhD; Pawan Mulukutla; Priyansh Doshi"", ""Date accepted"": ""8/1/23"", ""Date submitted "": ""8/9/22"", ""Funder (cleaned)"": ""TUMI"", ""Funder (raw)"": ""TUMI e-bu project"", ""Strategy pillar"": ""CM"", ""Work stream "": ""UM"", ""Sub-tag"": ""E-bus"", ""YEAR Submitted"": 2022, ""YEAR accepted"": 2023, ""WRI lead author - FIRST name"": ""Parveen"", ""WRI lead author - LAST name"": ""Kumar"", ""Source URL"": ""https://wri-india.org/sites/default/files/Real-world%20Electric%20Bus%20Operation_Working%20Paper%20final%20_revised.pdf""}"
Seizing_the_Urban_Opportunity_WEB-1.pdf,"{""Manuscript Number"": ""WRI-D-19-00105"", ""Article Type"": ""Working Paper"", ""Sub-tag (clean1)"": ""Electric mobility"", ""WRI Office affiliation (primary)"": ""WRI Global "", ""Other weblink (not DOI)"": ""https://urbantransitions.global/en/publication/the-future-of-urban-mobility-the-case-for-electric-bus-deployment-in-bogota-colombia/"", ""Article Title"": ""The Future of Urban Mobility: The Case for Electric Bus Deployment in Bogota, Colombia"", ""All authors"": ""Ryan Thompson Sclar; Emmett Werthmann; Jone Orbea; Eduardo Siqueira; Virginia Tavares; Berta Pinheiro; Cristina Albuquerque"", ""Date accepted"": ""3/25/20"", ""Date submitted "": ""8/12/19"", ""Funder (cleaned)"": ""Coalition for Urban Transition"", ""Funder (raw)"": ""CUT"", ""Strategy pillar"": ""CM"", ""Work stream "": ""UM"", ""Sub-tag"": ""Ebus"", ""YEAR Submitted"": 2019, ""YEAR accepted"": 2020, ""WRI lead author - FIRST name"": ""Ryan"", ""WRI lead author - LAST name"": ""Sclar"", ""Source URL"": ""https://urbantransitions.global/wp-content/uploads/2021/03/Seizing_the_Urban_Opportunity_WEB-1.pdf""}"
sustainable-urban-mobility-ndcs-essential-role-public-transport.pdf,"{""Manuscript Number"": ""WRI-D-22-00018"", ""Article Type"": ""Working Paper"", ""Sub-tag (clean1)"": ""Transport decarbonization"", ""WRI Office affiliation (primary)"": ""WRI Global "", ""DOI (from RDI mastersheet)"": ""https://doi.org/10.46830/wriwp.22.00018"", ""Article Title"": ""Sustainable Urban Mobility in the NDCs: the Essential Role of Public Transport"", ""All authors"": ""Anna Kustar; Benjamin Welle; Thet Hein Tun"", ""Date accepted"": ""8/29/22"", ""Date submitted "": ""1/31/22"", ""Funder (cleaned)"": ""Ross Philanthropies"", ""Funder (raw)"": ""Ross/Cities"", ""Strategy pillar"": ""CM"", ""Work stream "": ""UM"", ""Sub-tag"": ""Transport decarbonization"", ""YEAR Submitted"": 2022, ""YEAR accepted"": 2022, ""WRI lead author - FIRST name"": ""Thet"", ""WRI lead author - LAST name"": ""Hein"", ""Source URL"": ""https://files.wri.org/d8/s3fs-public/2022-09/sustainable-urban-mobility-ndcs-essential-role-public-transport_0.pdf?VersionId=aDJstKWe_3s9k298sFxskKlqEeuskM4P""}"
technical-note-dataset-us-school-bus-fleets-2.pdf,"{""Manuscript Number"": ""WRI-D-22-00076"", ""Article Type"": ""Technical Note"", ""Sub-tag (clean1)"": ""Electric mobility"", ""WRI Office affiliation (primary)"": ""WRI US"", ""DOI (from RDI mastersheet)"": ""https://doi.org/10.46830/writn.22.00076"", ""Article Title"": ""Technical Note: Dataset of School Bus Fleets in the United States"", ""All authors"": ""Leah Lazer"", ""Date accepted"": ""11/16/22"", ""Date submitted "": ""7/1/22"", ""Funder (cleaned)"": ""Bezos Earth Fund"", ""Funder (raw)"": ""Bezos Earth Fund (for Electric School Bus Initiative)"", ""Strategy pillar"": ""CM"", ""Work stream "": ""UM"", ""Sub-tag"": ""ESBI"", ""YEAR Submitted"": 2022, ""YEAR accepted"": 2022, ""WRI lead author - FIRST name"": ""Leah"", ""WRI lead author - LAST name"": ""Lazer"", ""Source URL"": ""https://files.wri.org/d8/s3fs-public/2024-06/technical-note-dataset-us-school-bus-fleets-2.pdf?VersionId=Y8UHY9Vfkb5myrpEtMRKFRI1O1LCZofV""}"
technical-note-ev-grid.pdf,"{""Manuscript Number"": ""WRI-D-20-00009"", ""Article Type"": ""Technical Note"", ""Sub-tag (clean1)"": ""Transport decarbonization"", ""WRI Office affiliation (primary)"": ""WRI China"", ""DOI (from RDI mastersheet)"": ""https://doi.org/10.46830/writn.20.00009"", ""Article Title"": ""Simulator for Electric Vehicles (EVs) on the Grid: Quantifying the load impacts of electric vehicles on a low-voltage distribution grid"", ""All authors"": ""Lulu Xue"", ""Date accepted"": ""10/29/20"", ""Date submitted "": ""1/17/20"", ""Funder (cleaned)"": ""UPS"", ""Funder (raw)"": ""UPS"", ""Strategy pillar"": ""CM"", ""Work stream "": ""UM"", ""Sub-tag"": ""Transport decarbonization"", ""YEAR Submitted"": 2020, ""YEAR accepted"": 2020, ""WRI lead author - FIRST name"": ""Lulu"", ""WRI lead author - LAST name"": ""Xue"", ""Source URL"": ""https://files.wri.org/d8/s3fs-public/technical-note-ev-grid.pdf""}"
toward-credible-transport-co2-emissions-accounting-china.pdf,"{""Manuscript Number"": ""WRI-D-22-00015"", ""Article Type"": ""Working Paper"", ""Sub-tag (clean1)"": ""Transport decarbonization"", ""WRI Office affiliation (primary)"": ""WRI China"", ""DOI (from RDI mastersheet)"": "" https://doi.org/10.46830/wriwp.22.00015"", ""Article Title"": ""Credible Transport CO2 Emissions Accounting: Methods and Statistical Data in China"", ""All authors"": ""Lulu Xue"", ""Date accepted"": ""9/7/22"", ""Date submitted "": ""1/28/22"", ""Funder (cleaned)"": ""IKI-BMU"", ""Funder (raw)"": ""IKI-BMU"", ""Strategy pillar"": ""CM"", ""Work stream "": ""UM"", ""Sub-tag"": ""Transport decarbonization"", ""YEAR Submitted"": 2022, ""YEAR accepted"": 2022, ""WRI lead author - FIRST name"": ""Lulu"", ""WRI lead author - LAST name"": ""Xue"", ""Source URL"": ""https://files.wri.org/d8/s3fs-public/2023-01/toward-credible-transport-co2-emissions-accounting-china.pdf?VersionId=9MUbUJTjT7f3HfeYIDPGgmOt32b_qMEi""}"
understanding-impact-bus-aggregators-urban-mobility-indias-national-capital-region.pdf,"{""Manuscript Number"": ""WRI-D-18-00116"", ""Article Type"": ""Practice Note"", ""Sub-tag (clean1)"": ""Electric mobility"", ""WRI Office affiliation (primary)"": ""WRI India"", ""Other weblink (not DOI)"": ""https://www.wri.org/research/understanding-impact-bus-aggregators-urban-mobility-indias-national-capital-region"", ""Article Title"": ""Understanding the Impact of Bus Aggregators on Urban Mobility in India's National Capital Region"", ""All authors"": ""Jyot Chadha; Ojas Shetty; Srikanth Shastry"", ""Date accepted"": ""8/13/19"", ""Date submitted "": ""9/14/18"", ""Funder (cleaned)"": ""Co-funded"", ""Funder (raw)"": ""Shell Foundation and Hewlett Foundation"", ""Strategy pillar"": ""CM"", ""Work stream "": ""UM"", ""Sub-tag"": ""e-bus"", ""YEAR Submitted"": 2018, ""YEAR accepted"": 2019, ""WRI lead author - FIRST name"": ""Jyot"", ""WRI lead author - LAST name"": ""Chadha"", ""Source URL"": ""https://files.wri.org/d8/s3fs-public/understanding-impact-bus-aggregators-urban-mobility-indias-national-capital-region.pdf""}"
visioning-to-implementation-executive-summary.pdf,"{""Manuscript Number"": ""WRI-D-22-00084"", ""Article Type"": ""Report"", ""Sub-tag (clean1)"": ""Transport decarbonization"", ""WRI Office affiliation (primary)"": ""WRI Global "", ""DOI (from RDI mastersheet)"": ""https://doi.org/10.46830/wrirpt.22.00084"", ""Article Title"": ""Visioning to Implementation: Transport Decarbonization Policies and¬†National Climate Targets in China, India, and Vietnam"", ""All authors"": ""Yiqian Zhang; Sebastian Castellanos; Ben Welle"", ""Date accepted"": ""10/3/23"", ""Date submitted "": ""7/11/22"", ""Funder (cleaned)"": ""German government"", ""Funder (raw)"": ""German Ministry for Economic Affairs and Climate Action of Germany (BMWK)/GIZ"", ""Strategy pillar"": ""CM"", ""Work stream "": ""UM"", ""Sub-tag"": ""Transport decarbonization"", ""YEAR Submitted"": 2022, ""YEAR accepted"": 2023, ""WRI lead author - FIRST name"": ""Yiqian"", ""WRI lead author - LAST name"": ""Zhang"", ""Source URL"": ""https://files.wri.org/d8/s3fs-public/2024-01/visioning-to-implementation-executive-summary.pdf?VersionId=Oab.tLPmU7N9sGdy6cRYAkWL7XHBxIwZ""}"
WP_Ebus%20Financing%2010th%20Sep%20V2%201.pdf,"{""Manuscript Number"": ""WRI-D-23-00087"", ""Article Type"": ""Working Paper"", ""Sub-tag (clean1)"": ""Electric mobility"", ""WRI Office affiliation (primary)"": ""WRI India"", ""DOI (from RDI mastersheet)"": ""https://doi.org/10.46830/wriwp.23.00087"", ""Article Title"": ""Assessing Financing Challenges for Implementing the Large-scale Electric Bus Program in India"", ""All authors"": ""Manish Dutta Pandey; Aswathy KP"", ""Date accepted"": ""8/11/24"", ""Date submitted "": ""5/31/23"", ""Funder (cleaned)"": ""Shakti Sustainable Energy Foundation"", ""Funder (raw)"": ""Shakti Sustainable Energy Foundation"", ""Strategy pillar"": ""CM"", ""Work stream "": ""UM"", ""Sub-tag"": ""E-bus"", ""YEAR Submitted"": 2023, ""YEAR accepted"": 2024, ""WRI lead author - FIRST name"": ""Manish"", ""WRI lead author - LAST name"": ""Dutta"", ""Source URL"": ""https://wri-india.org/sites/default/files/WP_Ebus%20Financing%2010th%20Sep%20V2%201.pdf""}"
zero-emission-delivery-zones.pdf,"{""Manuscript Number"": ""WRI-D-22-00022"", ""Article Type"": ""Working Paper"", ""Sub-tag (clean1)"": ""Transport decarbonization"", ""WRI Office affiliation (primary)"": ""WRI US"", ""DOI (from RDI mastersheet)"": ""https://doi.org/10.46830/wriwp.22.00022"", ""Article Title"": ""Zero-Emission Delivery Zones: Advancing Zero-Emission Delivery in U.S. Cities"", ""All authors"": ""Hamilton Steimer; Sarah Cassius; Vishant Kothari"", ""Date accepted"": ""10/5/22"", ""Date submitted "": ""2/8/22"", ""Funder (cleaned)"": ""UPS"", ""Funder (raw)"": ""UPS Foundation"", ""Strategy pillar"": ""CM"", ""Work stream "": ""UM"", ""Sub-tag"": ""Transport decarbonization"", ""YEAR Submitted"": 2022, ""YEAR accepted"": 2022, ""WRI lead author - FIRST name"": ""Hamilton"", ""WRI lead author - LAST name"": ""Steimer"", ""Source URL"": ""https://files.wri.org/d8/s3fs-public/2022-11/zero-emission-delivery-zones.pdf?VersionId=ULdVbUJL_Alz4tTB4v.8vNEuyK9aaTdO""}"
zet-promotion-in-china-en.pdf,"{""Manuscript Number"": ""WRI-D-24-00006"", ""Article Type"": ""Report"", ""Sub-tag (clean1)"": ""Transport decarbonization"", ""WRI Office affiliation (primary)"": ""WRI China"", ""DOI (from RDI mastersheet)"": ""https://doi.org/10.46830/wrirpt.24.00006"", ""Article Title"": ""Techno-economic study of zero-emission trucks in urban and regional delivery use cases: the insights from Guangdong, China"", ""All authors"": ""Lulu Xue; Ke Chen"", ""Date accepted"": ""5/1/24"", ""Date submitted "": ""1/11/24"", ""Funder (cleaned)"": ""Co-funded"", ""Funder (raw)"": ""Hewlett, IKI"", ""Strategy pillar"": ""CM"", ""Work stream "": ""UM"", ""Sub-tag"": ""Transport decarbonization"", ""YEAR Submitted"": 2024, ""YEAR accepted"": 2024, ""WRI lead author - FIRST name"": ""Lulu"", ""WRI lead author - LAST name"": ""Xue"", ""Source URL"": ""https://files.wri.org/d8/s3fs-public/2024-06/zet-promotion-in-china-en.pdf?VersionId=QkcEhnUfwTS1zdMtn.XDEf9NE0Lp.zph""}"
completing-the-trip.pdf,"{""Manuscript Number"": ""WRI-D-25-00021"", ""Article Type"": ""Expert Note"", ""Sub-tag (clean1)"": ""Transport decarbonization"", ""WRI Office affiliation (primary)"": ""WRI US"", ""DOI (from RDI mastersheet)"": """", ""Article Title"": ""Completing the Trip: Establishing a Global Quantified Climate Goal for the Transport Sector"", ""All authors"": ""Yiqian Zhang-Billert; Ben Welle"", ""Date accepted"": """", ""Date submitted "": """", ""Funder (cleaned)"": """", ""Funder (raw)"": ""Hewlett, IKI"", ""Strategy pillar"": """", ""Work stream "": """", ""Sub-tag"": ""Transport decarbonization"", ""YEAR Submitted"": """", ""YEAR accepted"": 2025, ""WRI lead author - FIRST name"": ""Yiqian"", ""WRI lead author - LAST name"": ""Zhang-Billert"", ""Source URL"": ""https://files.wri.org/d8/s3fs-public/2025-06/completing-the-trip.pdf?VersionId=UGVjcYs9YAZnMvEQesbw37GC5R41rM.e""}"

