question,answer
"What have we published on land value capture? (topic area)
Task: Retrieve for papers that take land value capture (a sub-topic of urban planning) as their primary focus. Do not retrieve papers that only mention thematic area  – e.g. papers where those words show up in literature review, mentioned in discussion section, etc.","{""docs"": [{""reference"": ""Dhindaw, J., S.K. Kumaraswamy, S. Prakash, R. Chanchani, and A. Deb. 2021. “Synergizing Land Value Capture and Transit-Oriented Development: A Study of Bengaluru Metro,” January. https://www.wri.org/research/synergizing-land-value-capture-tod."", ""url"": ""https://www.wri.org/research/synergizing-land-value-capture-tod""}, {""reference"": ""Mahadevia, D., M. Pai, and A. Mahendra. 2018. “Ahmedabad: Town Planning Schemes for Equitable Development—Glass Half Full or Half Empty?,” August. https://www.wri.org/research/ahmedabad-town-planning-schemes-equitable-development-glass-half-full-or-half-empty."", ""url"": ""https://www.wri.org/research/ahmedabad-town-planning-schemes-equitable-development-glass-half-full-or-half-empty""}, {""reference"": ""Mahendra, A., R. King, E. Gray, M. Hart, L. Azeredo, L. Betti, S. Prakash, A. Deb, E. Ashebir, and A. Ibrahim. 2020. “Urban Land Value Capture in São Paulo, Addis Ababa, and Hyderabad: Differing Interpretations, Equity Impacts, and Enabling Conditions,” December. https://www.wri.org/research/urban-land-value-capture-sao-paulo-addis-ababa-and-hyderabad-differing-interpretations."", ""url"": ""https://www.wri.org/research/urban-land-value-capture-sao-paulo-addis-ababa-and-hyderabad-differing-interpretations""}, {""reference"": ""Xue, L., and W. Fang. 2017. “Rail Plus Property Development in China: The Pilot Case of Shenzhen,” July. https://www.wri.org/rail-plus-property-development-china-pilot-case-shenzhen."", ""url"": ""https://www.wri.org/rail-plus-property-development-china-pilot-case-shenzhen""}]}"
"What have we published on Bangalore?
Task: Retrieve papers that are about a specific geography as their primary focus. Do not retrieve papers that only mention geography tangentially.","{""docs"": [{""reference"": ""Chanchani, R., J. Dhindaw, R. King, and M. Pai. 2023. “Our Journey with the City: Deciphering WRI India Ross Center’s Influence in Bengaluru,” October. https://www.wri.org/research/our-journey-city-deciphering-wri-india-ross-centers-influence-bengaluru."", ""url"": ""https://www.wri.org/research/our-journey-city-deciphering-wri-india-ross-centers-influence-bengaluru""}, {""reference"": ""Dhindaw, J., A. Kumar, and M. Jain. 2021. “Accelerating Innovation in Urban Service Delivery in Indian Cities: Lessons from TheCityFix Labs India,” August. https://www.wri.org/research/accelerating-innovation-urban-service-delivery-indian-cities-lessons-thecityfix-labs-india."", ""url"": ""https://www.wri.org/research/accelerating-innovation-urban-service-delivery-indian-cities-lessons-thecityfix-labs-india""}, {""reference"": ""Dhindaw, J., S.K. Kumaraswamy, S. Prakash, R. Chanchani, and A. Deb. 2021. “Synergizing Land Value Capture and Transit-Oriented Development: A Study of Bengaluru Metro,” January. https://www.wri.org/research/synergizing-land-value-capture-tod."", ""url"": ""https://www.wri.org/research/synergizing-land-value-capture-tod""}, {""reference"": ""Goswami, S., S. Basak, A. Malik, and R.B. Palanichamy. 2022. “Urban Blue-Green Conundrum: A 10-City Study on the Impacts of Urbanization on Natural Infrastructure in India,” December. https://www.wri.org/research/urban-blue-green-conundrum-10-city-study-impacts-urbanization-natural-infrastructure-india."", ""url"": ""https://www.wri.org/research/urban-blue-green-conundrum-10-city-study-impacts-urbanization-natural-infrastructure-india""}, {""reference"": ""M, S., S. Maiti, A. Mukherjee, A. Balachandran, and P.K. Ganesh. 2023. “Improving Metro Access in India,” July. https://wri-india.org/research/improving-metro-access-india."", ""url"": ""https://wri-india.org/research/improving-metro-access-india""}, {""reference"": ""Rangwala, L., S. Chatterjee, A. Agarwal, B. Khanna, I. Uri, B. Shetty, R.B. Palanichamy, and A. Ramesh. 2024. “Climate Resilient Cities: Assessing Differential Vulnerability to Climate Hazards in Urban India,” February. https://wri-india.org/publication/climate-resilient-cities-assessing-differential-vulnerability-climate-hazards-urban."", ""url"": ""https://wri-india.org/publication/climate-resilient-cities-assessing-differential-vulnerability-climate-hazards-urban""}]}"
"What have we published on children and pollution?
Task: Retrieve papers that are about a thematic intersection as their primary focus. Do not retrieve papers that only mention one or the other tangentially.","{""docs"": [{""reference"": ""Gander, S., and M. Epstein. 2025. “Driving Forward on a Clean Ride for Kids,” March. https://www.wri.org/research/driving-forward-clean-ride-kids."", ""url"": ""https://www.wri.org/research/driving-forward-clean-ride-kids""}, {""reference"": ""Oztaner, B., M. Soltanzadeh, A. Todd, B. Zepka, and A. Hakami. 2025. “Technical Note for a Dataset Modeling the Societal Health and Climate Benefits Associated With Transitioning the US School Bus Fleet From Diesel to Electric,” August. https://www.wri.org/research/technical-note-dataset-modeling-societal-health-and-climate-benefits-electric-school-buses."", ""url"": ""https://www.wri.org/research/technical-note-dataset-modeling-societal-health-and-climate-benefits-electric-school-buses""}, {""reference"": ""Roboff, K., and S. Gander. 2025. “Improving School Infrastructure for Healthier Students and Communities,” March. https://www.wri.org/research/improving-school-infrastructure-healthier-students-and-communities."", ""url"": ""https://www.wri.org/research/improving-school-infrastructure-healthier-students-and-communities""}]}"
"What have we published on climate adaptation in Brazil?
Task: Retrieve papers that are about a thematic and geographical intersection as their primary focus. Do not retrieve papers that only mention one or the other tangentially.","{""docs"": [{""reference"": ""Horn, L., V.T. Tornello, M. Arioli, F. Corrêa, and L. Azeredo. 2024. “Accelerating Nature-Based Solutions in Brazilian Cities.” UrbanShift, September. https://www.shiftcities.org/publication/accelerating-nature-based-solutions-brazilian-cities."", ""url"": ""https://www.shiftcities.org/publication/accelerating-nature-based-solutions-brazilian-cities""}, {""reference"": ""Pasqual, F., and L. Azeredo. 2025. “Accessibility to public green areas: case study in Belo Horizonte, Brazil,” March. https://www.wribrasil.org.br/publicacoes/accessibility-public-green-areas-case-study-belo-horizonte-brazil."", ""url"": ""https://www.wribrasil.org.br/publicacoes/accessibility-public-green-areas-case-study-belo-horizonte-brazil""}, {""reference"": ""Rangwala, L., L. Burke, R. Wihanesta, K. Elias-Trostmann, and M. Chandra. 2018. Prepared Communities. https://www.wri.org/research/prepared-communities."", ""url"": ""https://www.wri.org/research/prepared-communities""}]}"
"How can cities implement micromobility solutions?
Task: Retrieve papers that are about a not well-defined topic area (micromobility encompasses a range of technologies). Do not retrieve papers that clearly are about non “micro”, such as public transit, freight, and other non-mobility solutions.","{""docs"": [{""reference"": ""Balderas Torres, A., A. Zafra Ortega, A. Sudmant, and A. Gouldson. 2021. “Mexico Frontrunners | Sustainable Mobility for Sustainable Cities: Lessons from Cycling Schemes in Mexico City and Guadalajara, Mexico.” London and Washington, DC: Coalition for Urban Transitions. https://urbantransitions.global/en/publication/mexico-frontrunners/."", ""url"": ""https://urbantransitions.global/en/publication/mexico-frontrunners/""}, {""reference"": ""Gounder, K., and C. Kanuri. 2024. “Enabling the Shift to Electric Auto-Rickshaws: A Guidebook for Electrification of Auto-Rickshaw Fleets in Indian Cities,” April. https://www.wri.org/update/electric-auto-rickshaws-india-guidebook."", ""url"": ""https://www.wri.org/update/electric-auto-rickshaws-india-guidebook""}, {""reference"": ""Jiang, H., S. Song, X. Zou, and L. Lu. 2020. “How Dockless Bike Sharing Changes Lives: An Analysis of Chinese Cities,” September. https://www.wri.org/research/how-dockless-bike-sharing-changes-lives-analysis-chinese-cities."", ""url"": ""https://www.wri.org/research/how-dockless-bike-sharing-changes-lives-analysis-chinese-cities""}, {""reference"": ""Khan, A., A. Bhatt, S.P. Bhatt, and A. Jain. 2023. “Public Bicycle Sharing in India: Lessons Learned from Implementation in Three Cities,” July. https://www.wri.org/research/public-bicycle-sharing-india-lessons-learned-implementation-three-cities."", ""url"": ""https://www.wri.org/research/public-bicycle-sharing-india-lessons-learned-implementation-three-cities""}, {""reference"": ""Lazer, L. 2023. “Assessing the Environmental Impact of Shared Micromobility Services: A Guide for Cities,” April. https://www.numo.global/resources/micromobility-emissions-life-cycle-assessment-guide."", ""url"": ""https://www.numo.global/resources/micromobility-emissions-life-cycle-assessment-guide""}, {""reference"": ""Moon, C., A.B. Sharpin, I.D.L. Lanza, A. Khan, L.L. Re, and A. Maassen. 2019. “The Evolution of Bike Sharing: 10 Questions on the Emergence of New Technologies, Opportunities, and Risks,” January. https://www.wri.org/research/evolution-bike-sharing."", ""url"": ""https://www.wri.org/research/evolution-bike-sharing""}, {""reference"": ""Rao, R., S. Maiti, and P. Mulukutla. 2023. “Assessing the Viability of Using Autorickshaws for Urban Freight Delivery in India,” May. https://wri-india.org/research/assessing-viability-using-autorickshaws-urban-freight-delivery-india."", ""url"": ""https://wri-india.org/research/assessing-viability-using-autorickshaws-urban-freight-delivery-india""}, {""reference"": ""Sarmiento, C.S., S. Alveano, and R. King. 2019. “Guadalajara: Revisiting Public Space Interventions through the Via RecreActiva,” March. https://www.wri.org/research/guadalajara-revisiting-public-space-interventions-through-recreactiva."", ""url"": ""https://www.wri.org/research/guadalajara-revisiting-public-space-interventions-through-recreactiva""}]}"
"Will electrifying school buses be beneficial for children’s health outcomes?
Task: Retrieve papers that are about the impact of an intervention on a population? Do not retrieve papers that are about the intervention (school bus electrification) without talking about the specific impact of interest.","{""docs"": [{""reference"": ""Gander, S., and M. Epstein. 2025. “Driving Forward on a Clean Ride for Kids,” March. https://www.wri.org/research/driving-forward-clean-ride-kids."", ""url"": ""https://www.wri.org/research/driving-forward-clean-ride-kids""}, {""reference"": ""Oztaner, B., M. Soltanzadeh, A. Todd, B. Zepka, and A. Hakami. 2025. “Technical Note for a Dataset Modeling the Societal Health and Climate Benefits Associated With Transitioning the US School Bus Fleet From Diesel to Electric,” August. https://www.wri.org/research/technical-note-dataset-modeling-societal-health-and-climate-benefits-electric-school-buses."", ""url"": ""https://www.wri.org/research/technical-note-dataset-modeling-societal-health-and-climate-benefits-electric-school-buses""}, {""reference"": ""Roboff, K., and S. Gander. 2025. “Improving School Infrastructure for Healthier Students and Communities,” March. https://www.wri.org/research/improving-school-infrastructure-healthier-students-and-communities."", ""url"": ""https://www.wri.org/research/improving-school-infrastructure-healthier-students-and-communities""}, {""reference"": ""Betti, L., M.C. Garcia, E. Siqueira, and H. Evers. 2022. “ImpactAr Tool: Valuing Air Quality Health Impacts of Urban Bus Fleet Changes in Brazil (2022),” February. ."", ""url"": null}]}"
"What can be done to solve the housing crisis in Jakarta?
Task: Retrieve papers that are about solutions to a general thematic problem area within a determined geography. Do not retrieve papers that only cover theme or geography, and only retrieve papers that talk about solutions.","{""docs"": []}"
